INSERT INTO bbs_usergroup VALUES ('1','普通用户','1','1','0','0','0','0','0','0');
INSERT INTO bbs_usergroup VALUES ('2','管理员','1','1','1','1','1','1','1','1');
INSERT INTO bbs_usergroup VALUES ('3','禁言中','0','0','0','0','0','0','0','0');
INSERT INTO bbs_usergroup VALUES ('4','版主','1','1','1','1','1','0','0','0');

INSERT INTO bbs_user (userid,username,`password`,usergroupid) VALUES
('1','admin','497245c9e08975567103ce3cc382e761758a1679','2'),
('2','nikesu','117e7cd4f2dac42c75692c3540bb19b8fff37bb6','1');

INSERT INTO bbs_forum (forumid, forumname) VALUES ('1','焦点新闻');
INSERT INTO bbs_forum (forumid, forumname) VALUES ('2','本科生通知');
INSERT INTO bbs_forum (forumid, forumname) VALUES ('3','学术动态');

INSERT INTO bbs_post (forumid, userid, title, edittime, content, top) VALUES
('1', '1', '软件学院庆祝建党98周年“不忘初心、牢记使命”主题党日活动暨2018-2019年度 “两优一先”表彰大会圆满举行','2019-7-5 00:00:00','7月5日下午，软件学院庆祝建党98周年“不忘初心、牢记使命”主题党日活动暨2018-2019年度 “两优一先”表彰大会在开发区校区图书馆报告厅顺利举行。开发区校区党工委副书记兼纪工委书记顾丰、软件学院党委书记石成田、院长吴国伟及全体党委委员、班子成员、师生党员和积极分子代表参加了会议，会议由学院党委组织员齐磊主持。
在全体起立庄严地唱响国歌后，软件学院党委副书记兼副院长王雷宣读了2018-2019年度“两优一先”表彰名单。随后，顾丰、吴国伟、石成田分别为学院先进基层党组织，优秀党务工作者、优秀共产党员颁奖。
颁奖仪式结束后，在学办教工党支部书记李丽丽的领读下，软件学院全体老党员重温入党誓词。同时，2019年上半年新发展的47名党员进行了庄严的入党宣誓。面对着鲜艳的党旗，全体党员举起右手，一字一句，铿锵有力。场内的每一名党员都接受了一次精神的教育和灵魂的洗礼，更加坚定了共产党员的初心和责任。
随后，校优秀学生共产党员，软件学院2017级博士生房建作为党员代表进行了发言，表达了自己对学生党员时代责任、时代追求和时代价值的深入思考，发出将个人成长与民族复兴相结合的号召。接下来，软件学院2019年上半年新党员代表马腾宇讲述了自己用志愿服务践行“全心全意为人民服务”的经历和感受。
表彰大会结束后，石成田为与会师生带来了 “不忘初心、牢记使命，重温党史”的主题党课。从共产党的诞生为切入点讲述了中国共产党的创建历程及蕴含的时代精神。石成田希望软件学院全体师生党员铭记党的历史，汲取中国共产党创建初期的首创精神、奋斗精神、奉献精神，不断加强党性修养，紧密结合学习工作实际，不忘初心、牢记使命，矢志奋斗。', '0'),
('1', '1', 'Intel公司中美双方高管到访软件学院','2019-7-3 00:00:00','为了加强校企间交流合作，2019年7月2日，英特尔公司美方高管Scott Apeland、合作伙伴关系部业务拓展总监冯晨以及市场经理杜伟一行到访大连理工大学软件学院进行座谈交流。软件学院院长吴国伟、副院长王雷、开发区校区创新创业实践中心主任陆坤以及智能系统技术系教师徐子川与来访嘉宾进行了座谈。
下午2点30分，座谈会在综合楼第一会议室进行。首先,吴院长向到访的Intel公司领导表示热烈的欢迎。随后,王雷副院长对软件学院总体情况以及学科建设等进行了介绍。Intel公司的杜伟经理对于师资培训、校企合作的项目、科研以及暑期的学生创新训练营等方面进行了介绍。互相了解后，双方表示可以在人才培养以及实训基地等方面开展更加广泛的合作。
Intel公司来访嘉宾参观了校区水下机器人实验室，对科研情况和教学环境有了深入的了解。
此次来访，确定了双发合作的相关事宜，希望在双方的合作中，能够实现优势互补、合作创新，增添共同发展新动力。', '0'),
('1', '1', '七秩连理港，青春再续航——软件学院举行2019届毕业典礼暨学位授予仪式', '2019-7-2 00:00:00', '2019年6月20日，大连理工大学软件学院2019届毕业典礼暨学位授予仪式在开发区校区体育馆隆重举行。学院领导班子、学术委员会成员、教师代表以及家长代表出席典礼，与5名博士毕业生、128名硕士毕业生和596名本科毕业生一同见证这一重要时刻。
软件学院院长吴国伟教授寄语2019届毕业生，希望他们能够继续传承和发扬大工精神，勇于拼搏、积极创新，赢得社会的尊重和认可。一是要不忘初心，与新时代价值观同心；二是要脚踏实地，与新时代发展目标同向；三是要锐意进取，与新时代步伐同行。同时，欢迎毕业生们常回家看看，开发区校区和软件学院永远是毕业生们坚实温暖的家。
2019届本科毕业生代表蔡钰同学发言，表达了自己对学院一点一滴的怀念，对老师和家人的感谢和对一同毕业的同学们的美好祝福。2019届研究生毕业生代表李晓晨同学发言，介绍了他在大工11年本硕博历程中的科研成就，并对软件学科的发展表达了期盼和祝愿。
翠鸟婉转歌唱，喜报传送八方。开发区校区，美丽的校园，我们把你爱在心上。七秩连理港，青春再续航。祝愿2019届全体毕业生前程似锦，再创辉煌！', '0'),
('1', '1', '网络工程专业本科生论文被物联网领域顶级期刊IOTJ录用', '2019-6-27 00:00:00', '近日，在孔祥杰副教授的悉心指导下，网络工程专业本科生刘晓腾同学的综述论文“Mobile Crowdsourcing in Smart Cities: Technologies, Applications and Future Challenges”以19页长文（Regular Paper）被物联网领域的国际顶级期刊IOTJ（IEEE Internet of Things Journal）录用。
该论文由孔祥杰副教授、刘晓腾（本科生）、Behrouz Jedari（Aalto University的Research Fellow）、万良田副教授和夏锋教授共同完成。以大连理工大学阿尔法实验室（The Alpha Lab, http://TheAlphaLab.org）在人类行为与时空轨迹数据挖掘和处理技术方面的研究为基础，从智慧城市理论和现状出发，对移动众包(Mobile Crowdsourcing，MCS)进行了全面回顾。该论文高度概括了移动众包技术发展的背景和意义，回顾了移动众包的组成部分和架构并提出了分类方式。详细阐述了移动众包的相关技术，包括众包任务管理与分配、数据收集与处理、激励机制以及监管与成本控制技术。基于以上研究，论文从全新视角总结了MCS在智能城市中的广泛和多样化的应用，例如智能导航、智慧生活、公共服务和智慧交通。最后，论文展望了几个开放性的挑战和未来的研究方向。该论文可以使研究人员全面了解移动众包领域的研究现状，并将开阔在移动众包领域的研究的新视野，为应用和系统设计人员开发具有吸引力的MCS解决方案提供帮助。
移动众包众包任务的典型执行过程
IOTJ（IEEE Internet of Things Journal）是IEEE在2014年创办的物联网领域顶级期刊。根据统计，该期刊在最新的2018年影响因子高达9.515，是中科院一区期刊和JCR一区期刊。
网络工程专业一直坚持以“科研育人”为特色，大量的本科生在大二或大三就参与到实验室的科研工作。特别是夏锋教授带领的The Alpha Lab，近年来大量本科生的工作发表在在WWW、IEEE TII、IEEE TVT等顶级期刊或会议。无疑为学生将来继续在国内外一流高校深造或进入世界知名企业打下坚实基础。', '0'),
('1', '1', '软件学院专业建设捷报频传，一流本科专业迈向新台阶', '2019-6-25 00:00:00', '6月13日，教育部高等教育教学评估中心公布了2018年度通过工程教育认证的专业名单，软件学院的软件工程专业（复评）、网络工程专业均顺利通过。6月21日，辽宁省教育厅公布普通高等学校第二批一流本科教育示范专业，软件工程专业、网络工程专业再获丰收，双双入围。
软件学院自创立以来，在学校的大力支持和学院历任领导班子的带领下，秉承大工红色基因，始终坚持以人为本，锐意进取，贯彻校企合作、创新实践、国际化的发展理念，打造独具特色“三位一体”实践教学培养模式，教育教学成果和人才培养质量在全国国家示范性软件学院中始终名列前茅。
近年来，软件学院在开发区校区党工委和管委会的领导下和校区各兄弟学院、职能部门的大力协助和配合下，贯彻落实全国教育大会精神和新时代全国高校本科教育工作会议精神，坚持立德树人的根本任务，以“双一流”建设为引领，以新工科建设为契机，以一流工程人才培养为标准，将精英教育与工程教育相统一，形成了产学长效合作、系统化质量跟踪及监控、科技竞赛及科研牵引的创新实训、外语强化及国际交流、校内外双循环持续改进五个专业特色，培养了大量的软件工程学科优秀人才。
目前，软件工程专业正在积极筹划申报国家级一流本科专业建设点，进一步提升专业内涵建设，提高专业建设质量，脚踏实地，继往开来，做好一流人才培养，助推我校一流大学建设。', '0'),
('1', '1', '七秩连理，筑梦大工-庆祝建校70周年暨2019届毕业生晚会隆重举行', '2019-6-18', '书香墨韵，通达古今；校国连理，历久弥新。6月13日晚7点，大连理工大学开发区校区于书韵广场隆重举行“七秩连理”庆祝建校70周年暨2019届毕业生晚会。校学生工作处处长郭驰老师，校团委副书记崔强老师，校区管委会、软件学院、中日国际信息与软件学院、微电子学院领导以及校区广大师生观看了晚会。
晚会第一篇章回望历史。70年来大工历经风雨征程，始终《与国同行》。老一辈大工教师赵秋娜和新一代大工宝宝刘轩明用自己的故事讲述了大工情、大工缘和大工梦。张旭泉教授和校区学子用一首《大工赋》共同诉说了大工缓缓流淌的历史，表达了对母校芳华永驻、历久弥新的美好祝愿。
2019年既是大工建校70周年，也是开发区校区正式启用15周年。第二篇章立足当下，展现了校区自启用以来取得的丰硕办学成果。一幅《陪伴》描绘了从“一区一院”到“一区三院”的发展轨迹，讲述了从满处荒芜到欣欣向荣的奋斗岁月。一首《国家》唱出了校区教职工潜心问道、立德树人、心系学生、情牵祖国的家国情怀。歌曲联唱《强国在我 我在大工》展示了校区特色的校企联合培养、创新创业教育和国际化办学理念。
第三篇章展望未来，寄语毕业生不忘初心勇创新征程，祝福学校和校区桃李天下再创新高。校区领导诗朗诵《七秩连理，十五芳华》将大工曲折的发展历史娓娓道来，栉风沐雨、披荆斩棘，大工与祖国风雨同舟、休戚与共，终铸今日辉煌模样。《舞动大工》将舞者与屏幕融为一体，舞出了新时代大工人的青春活力。原创说唱《爱在开发区》激情澎湃，说出了“学在大工的美誉，我们来坚守”的坚定誓言，唱出了校区师生在大工成长的深深自豪感。歌曲《和你一样》和视频《毕业答卷》记录了2019届毕业生在校区生活学习的成长之路，表达了对毕业生的美好祝福。除了在校师生，校区的校友们也向母校献上生日贺礼。大工校友会软件学院分会会长刘晓衫代表全体校友向软件学院赠送了书法作品，“贺母校七十华诞，连理情薪火相传”道出了校友们对母校的深切情谊。最后，晚会在全体演职人员的大合唱《我和我的祖国》中落下帷幕。
七十载，筚路蓝缕；七十载，起承转合；七十载，历久弥新；七十载，薪火相传。2019年是大工建校70周年，开发区校区师生谨以“柒秩连理”晚会表达对母校最为真挚的祝贺。2019届毕业生们将踏出校园，走向社会，他们将再创辉煌，捍卫荣光；开发区校区亦将继往开来，传承大工红色基因，勇担兴校强国使命，为民族腾飞和国家富强做出伟大贡献！', '1'),
('1', '1', '软件学院研究生论文荣获移动数据管理旗舰会议MDM2019最佳论文奖', '2019-6-18 00:00:00', '近日，大连理工大学开发区校区网络空间安全研究所姚琳教授指导的研究生王新雨的论文“Publishing Sensitive Trajectory Data Under Enhanced l-Diversity Model”荣获移动数据管理旗舰会议MDM2019（20thIEEEInternational Conference on Mobile Data Management, CCF认定C类会议）唯一最佳论文奖项。
该篇论文由姚琳教授(国际信息与软件学院)、研究生王新雨(软件学院)、王歆副教授（纽约州立大学石溪分校）、胡海波副教授（香港理工大学）等共同合作完成。这是国际合作交流，跨领域团队合作的成果。针对轨迹数据发布（Trajectory Data Publishing）中的隐私问题（包括记录联动攻击Record Linkage Attack、属性联动攻击Attribute Linkage Attack、相似性攻击Similarity Attack），论文提出（l，α，β）隐私保护模型抵抗上述三种攻击。其通过将路径序列和预设的模型进行比对来确定关键序列，然后在关键序列对应的轨迹序列上执行“减点”或是“加点”的操作，最终在保证可用性的基础上满足隐私条件。
姚琳教授的研究小组一直坚持面向国际学术前沿和国家重大需求开展科研工作，以未来新型网络的安全和隐私保护作为核心研究方向。近五年已发表计算机学会推荐A类、B类期刊及会议论文50余篇。承担国家自然科学基金项目3项、核高基重大专项子课题1项、国家十三五重点研发计划子课题1项。通过武汉市科技局科技成果鉴定1项，山西省科技成果鉴定2项。荣获2016年宝钢技术创新重大成果三等奖。承担英特尔公司产学合作协同育人项目1项，Google教育部产学合作协同育人项目1项，微软亚洲研究院产学合作协同育人项目1项。
责任编辑：齐磊', '0'),
('1', '1', '开发区校区师生喜迎建校七十周年', '2019-4-18', '七秩弦歌砥砺沧桑，万千桃李薪火飘扬。为庆祝建国和建校七十周年，开发区校区师生追忆大工荣光、敬献生日贺礼、许下心愿祝福、歌唱伟大祖国，喜迎“4·15”校庆日，为大工庆祝七十岁生日。
忆荣光——回首岁月，牢记信念
校区党工委在校园内设立校史宣传长廊，展览大工在“1949-1960峥嵘岁月共奋斗”、“1960-1977激情燃烧创一流”、“1977-1988大浪淘沙铸辉煌”、“1988-2019兴校强国勇担当”四个阶段的历史故事，引导广大校区师生学校史、知校史、懂校史、讲校史，共同追忆大连理工大学七十年的荣耀与辉煌。
为营造热烈的校庆氛围，校区在校庆日当天发布了一套精美的校史纪念胸章，七款胸章各有特色，主题鲜明。广大校区师生将“校史徽章”戴在胸前，将“大工精神”铭记心中，将“红色基因”融入血脉。
从1949到2019，七十年的栉风沐雨砥砺前行，大工迎来了今日的桃李天下。在校庆日前夕，校区师生为母校献上了自己的生日贺礼。精美多样的手工作品，朗朗上口的诗词歌赋，丰富多彩的校园活动展现了“最具文化的理工院校”的师生风采，更是大工文化育人的显著成效。
4月15日中午，校区教工工会组织“迎校庆70周年”主题校园徒步活动。开发区校区管委会、软件学院、国际信息与软件学院、微电子学院近百名教职工积极参加。春日的校园生机盎然，教师相聚大黑山脚下涌泉湖畔共话大工今朝和未来。
在书韵广场，教师自发组织起来拼出“415”和“70”队形，挥舞着手里的国旗和校旗，共同喊出“大工70周年生日快乐”，祝福大工发展昌盛。
校区百余名学生干部在体育场摆出大工校徽和“I♥DUT”的图案，用自己的创意行动为母校庆生，表达与母校同行，为母校喝彩的强烈心愿。同时，校区50余个学生社团各展才能，集合社团自身特色进行创意献礼，用最独特的方式为母校的生日献上自己的祝福。
许心愿——表达祝福，憧憬未来
大工的生日是全校师生共同的生日。校区领导、教职员工、科研团队、党员代表、学生代表和校友代表等纷纷向母校表达了自己的祝福和希冀。传承七十年辉煌，愿大工继往开来，再创佳绩。
颂赞歌——歌满校园，热爱祖国
4月15日9时40分，校区大学生合唱团在教学楼广场与主校区、盘锦校区的师生共同唱响《我和我的祖国》，用歌声献礼大工第七十个建校日，献礼共和国七十华诞。校区师生纷纷驻足，伴随着音乐一起合唱。欢快的歌声，倾情的表演，激起每一位大工人的爱校爱国情怀。“我和我的祖国，一刻也不能分割。无论我走到哪里，都流出一首赞歌！”
大连理工大学和祖国一起携手走过了七十个春夏秋冬。在大工七十周年华诞之际，开发区校区师生度过了一个热烈、欢快、青春的校庆日。校区师生将传承大工红色基因，勇担兴校强国使命，为建设中国特色世界一流大学贡献力量！', '1'),
('2', '1', '关于软件学院2018-2019学年卫生成绩第二次公示及千优寝室名额分配调整的通知', '2019-07-10 11:50:00', '为进一步做好2018-2019学年文明寝室及千优寝室评比工作，结合公寓委员会卫生检查成绩和两日内反馈情况，截止到7月10日12点，本学年卫生检查成绩及文明寝室情况进行第二次公示，并以满分寝室情况分配各级队千优寝室名额。
除却部分寝室上午至安丽华老师处核验成绩调整修改外，1-5舍已删除11月预查寝成绩，保留11月末检查成绩；删除4月1日-4月5日检查成绩。
请各寝室核对卫生成绩汇总表，如有异议，分为以下两种情况处理：
1.汇总表与《公寓委员会查寝分数统计1-6舍》不一致，请于7月10下午15:00前，将寝室号、具体检查日期反馈至级队生活委员处；
2.对《公寓委员会查寝分数统计1-6舍》数据有异议，请于7月10日下午15:00前，携带相关证明到教学楼C区-B05安丽华老师处反馈。
因检查、纸质版记录、电子版记录、汇总计算过程繁琐、软件学院寝室数量众多、混寝情况复杂，感谢各位同学的支持配合，多谢同学们海涵。', '0'),
('2', '1', '“2019百度之星”开发者和程序设计大赛通知', '2019-7-10 10:12', '大赛官网：http://astar2019.baidu.com/index.html?own=2&way=3
报名时间：
程序设计大赛：2018年7月1日-8月10日
开发者大赛：2018年7月1日-8月1日
程序设计大赛，官方交流QQ群1：514064902, QQ群2：54392747
开发者大赛，官方交流QQ群：755062839', '0');






-- LOCK TABLES bbs_sensitiveword WRITE;
-- 数据来源 https://github.com/linjinmin/sensitiveWork 等
-- INSERT INTO bbs_sensitiveword (word) VALUES ('test');
-- UNLOCK TABLES;

